Residual Norm,Min,Max,Mean
res_norm,0.04302916773570168,7.7864594957459214,2.0167442033622676
